time,flow,temp,salt
2003-05-21 00:00:00,    0.000000,-9999.000000,-9999.000000
